{"Ap0KMYy+ulE4Jg5A3woYXw==":"algsoft_logo_start-sheet0-122x122.png","5E8VAGkuTE6k0Non4rz//g==":"2017-04-18-152300-507x609.png","obxcfytEqexmV5fN/gDZyQ==":"image4330-1001x806.png","NUfuU18R76gRK3MMrJWY6g==":"image4330-1-1001x806.png","sZzuUmVfRwD/OUSEefL1Mw==":"image4330-889x716.png","NrdLrYdxc34rmoVePhHZ/Q==":"image4330-1466x1181.png","E3a9RIlOxpv/de2Q07Kaew==":"image4330-2000x1611.png","D/MJwuutwIhlmcioKCvGqA==":"04.jpg","ao9tS6SRgAnl3QBTKAC+1A==":"image5008-1499x879.png","TaDdUi7lNPz5DYsSMlePSw==":"image5008-1-1499x879.png","3/fayG1plYGGtZrL9aVK9Q==":"image4330-2000x1611.jpg","/i3sZ3f/adVklGF7wzDKVg==":"image5008-2-1499x879.png","MBwUfUPGwH712Y8codCt6w==":"image5008-3-1499x879.png","P8e2Zvd3GuFK2EY1I5Ub9g==":"image5008-4-1499x879.png","7m+0MrTr5jCSkMjgj826tg==":"algsoft_logo_start-sheet0-192x192.png","XmmG/5xwv5ADbwbdfAAFrg==":"image5008-1599x938.png","0HFkPLd0YsEnl6qpgYpdXg==":"ellipse6559-2000x1119.png","93xYW9QKJ8xy1Swaw/Z5tg==":"chris_cropped3-300x401.jpg","/qL4+WdmLCg8HOuWnMmgNA==":"chris_cropped3-1-300x401.jpg","1NKz4HjHL2FDBGs6wyx8nA==":"img_20170730_180600%20(1)-300x409.jpg","iKvn50P8x3x/ncqYgoXy/Q==":"spriteattack_logo-sheet0-150x300.png","B1aN7FezWZWBLSvHKcICIg==":"img_20190421_131330-949-300x300.jpg","R0eT2wOPqReNun8W8gSmKQ==":"img_20190421_131330-950-300x300.jpg","hIo7YVXsMxyov7+dOAWz6A==":"img_20190421_131330-951-300x300.jpg","LMV5WrNtbRBGJIhpeOhx1w==":"img_20190421_131330-952-300x300.jpg","DXh6ghRb56tSRY8k82vbnA==":"img_20190421_131330-953-300x300.jpg","1Ide9JxZeylTeQYlGwrjEA==":"img_20190421_131330-954-300x300.jpg","aov1uxgY8Q1ST0XzCU/a6g==":"img_20190421_131330-955-300x300.jpg","lZFXVBFYPnYeVp3bUKSpHg==":"img_20190421_131330-956-300x300.jpg","RJ3UgA8EBIQjAlM26RNndg==":"sans%20titre-1-300x252.jpg","eqEY5+pZSvkQnUjNWT9udQ==":"sans%20titre-1-300x252.jpg","hzi4QcbUj6c4X82+i/5G6A==":"img_20190421_131330-957-300x300.jpg","qoa0HEGw6aLhljO+uCNI4A==":"img_20190421_131330-958-300x300.jpg","u1UYfAsE3NRvM7vVFpSx0w==":"chris_cropped3-2-300x401.jpg","VR/Wk9owXZFOiBeawIbMdA==":"sans%20nom-4-300x300.jpg","Jhdav6I9au9aUCvcryOaQg==":"sans%20nom-4-300x300.jpg","bGAsUGl5ZkD+QIRZOev43A==":"sans%20nom-4-300x300.jpg","ec7EtCrZ8X53m1Xp3aMGQQ==":"sans%20nom-4-300x300.jpg","LeYN6LNMiohrpyXImduilw==":"0%5B1%5D-200x200.jpg","M3Q5lY+xN2CdpRYdbYvJkQ==":"path1386-300x404.png","t0RBXI6hitsMRl0d6kXVBA==":"path1386-1-300x404.png","3tyRMn8uRX0pD+DZtQ903A==":"path1386-2-300x404.png","hb3x0cwj9i9vNaW/gR+seA==":"path1386-3-300x404.png","s97HGzil7417xhNxC1Hzww==":"path1402-300x358.png","Q3d1rYPPJunGQeaEF97FyA==":"path1410-300x356.png","l4H0FJhfT6pPL73ggOkJNA==":"path1416-300x360.png","W2Jt13qF5w92pWhim4C3bw==":"fb_img-15569903974563460-720x643.jpg","H49LrccjgeQCiR9DoZXXoA==":"59556247_331051624273004_7717808930990063616_n-982x884.jpg","Xz8iGhC0ei5YgbaM7T1nqQ==":"59556247_331051624273004_7717808930990063616_n-1200x1080.jpg","wwH8vaiBs9GPJHnWKfY0jw==":"path1416-1-300x360.png","inEJrGYS6eomuSRl4HDEyA==":"spriteattack_logo_start-sheet0-199x371.png","Nkxg7mc1Gbadimv26dxRRg==":"image823-1046x1375.png","0+96uqwQ/LbsqaD3PVYYZA==":"image823-1-1046x1375.png","ZrMliKJWjel8SjPF0L98KA==":"image823-2-1046x1375.png","eB0FVr9X501EvuLmGBlIdQ==":"image823-3-1046x1375.png","zuDQ4NUzY4d3Obyryb1j+A==":"image823-4-1046x1375.png","3mZjgwjKvZ2ObRWFs0FKsQ==":"image823-5-1046x1375.png","sx1O0tK0uAKWfWz2cX8jrQ==":"image823-1046x1347.png","hUH7KFFXeaE4JFF6HZoJJw==":"image823-1-1046x1347.png","c94/6SpDwT0j/OQphjq/HA==":"image823-1046x1367.png","DMsOUVjvowtyle+G8Rw1gg==":"image823-1046x1155.png","2rQdpKE7G6k/HZ1c8J0quQ==":"image823-700x701.png","y0JRKSWIRsrpGeTp2kqhJg==":"image823-700x658.png","xTXm2UxSkLB+hcSRRVI1xQ==":"image823-700x640.png","bFEm1y1eriJT9V+UxjGEDg==":"image823-1-700x640.png","3kr+gKuhJkMJPudNzu7r2Q==":"image823-2-700x640.png","OhcuLtLKpZgQkFr7t++RwQ==":"image823-3-700x640.png","WqKg5IiMAcbUVjwAy93gRQ==":"image823-4-700x640.png","SBD7XBq5G1sO37XSAiaUAA==":"sans%20nom-4-300x300.jpg","Vje/FFUsrIUTdVtEmorZ+g==":"sans%20nom-4-300x300.jpg","gD1SaDkeKQwmdrw4jRpLBQ==":"sans%20nom-4-300x300.jpg","o5UtIO9D/yRVGW1D/Ra4Gg==":"sans%20nom-4-300x300.jpg","sTm8GrIS8rxWxUlhOXV49w==":"sans%20nom-4-300x300.jpg","D0jA9SeucDCQv67CKSx68Q==":"sans%20nom-4-300x300.jpg","sSGQdLSKHrxT0JFYCfMUIA==":"sans%20nom-4-300x300.jpg","CHAEcETdk/ykeCubKpzhpw==":"path833-300x277.png","jzkaMowLK+jeTJkGNJkMeQ==":"sans%20nom-4-300x300.jpg","TqJ7NGs+RGpvF+4FMSTOXg==":"chris_comic-300x450.jpg","3YLTfGCDYth9l0t0JfEsLw==":"chris_comic-1-300x450.jpg","dVEfPmakKLMKFuvpCS9Smg==":"sans%20nom-4-300x300.jpg","BkgD/L7YvzxpIwGzU5oWtA==":"sans%20nom-4-300x300.jpg","1hncndMzkwflT3mBmqETiA==":"sans%20nom-4-300x300.jpg","qvedzeXrIPjfQsmK/fAQLA==":"sans%20nom-4-300x300.jpg","IwUxqlYk9jU8IT8H7TG53g==":"img_20190421_131330_949%20-%20copie-300x300.jpg","QqQEBiqsbWrni2Hf6+hF1g==":"img_20190421_131330_949%20-%20copie-300x300.jpg"}